location,param1,param2
All,3.0723560857321233,104.31251748331886
Greater Caucasus,3.047857072197996,89.03127559799327
Alps,3.1055918805744236,112.04994762214187
British Columbia,3.2758076355102834,92.72576556139711
