function,relationshiip,param1,param2
rbar_to_cR,power,0.4776610986399393,0.2503784539524545
sRm_to_sRf,linear,1.4185286141225644,-0.297267516073547
