location,relation_between,param1,param2
Greater Caucasus,rlf to mR,1.578785381282677e-05,1.7857519651577403
Greater Caucasus,maxZ to snowP,1.6805338298116671e-12,3.2557016958299303
Alps,rlf to mR,0.0006264691103493,1.2227213691747019
Alps,maxZ to snowP,2.4251667402622553e-12,3.2118414744656683
British Columbia,rlf to mR,2.054578338623526e-05,1.7933667478481181
British Columbia,maxZ to snowP,1.5263418689013902e-18,5.219970713366569
