location,relation_between,param1,param2
Greater Caucasus,rlf to mR,5.918750399344595e-06,1.852912214161852
Greater Caucasus,maxZ to snowP,9.326657477576538e-13,3.335480200274763
Alps,rlf to mR,0.001803517598495707,1.0342790316062553
Alps,maxZ to snowP,2.6444228696319858e-12,3.2143508314946025
British Columbia,rlf to mR,5.245600156906942e-05,1.6134924435113436
British Columbia,maxZ to snowP,2.279530443209216e-22,6.414591515205692
