Group,C,phi,K,n
GC Unlinked,925.7602494986855,0.11219625121156179,3.628571022627026e-27,8.912953817438298
GC Linked,1258.5589588198804,0.231456704877491,4.0468059001138786e-14,4.320462569897389
Alps Unlinked,1223.3160676031923,0.14352018574606498,3.0695711353992956e-22,6.967660796131867
Alps Linked,1590.2531435197768,0.2704660678149259,1.4559686647419502e-12,3.6973206551936286
BC Unlinked,679.9036758974136,0.07076473131329772,9.41331067153628e-41,14.13133311299112
BC Linked,1516.4183330389196,0.26600338862245926,1.1020117802620857e-12,3.759350535722643
